{
    "Home":"Home",
    "Search Users":"Search Users",
    "User Search":"User Search",
    "Search Files":"Search Files",
    "Sign Up":"Sign Up",
    "Login":"Login",
    "Logout":"Logout",
    "Email":"Email",
    "Password":"Password",
    "First Name":"First Name",
    "Last Name":"Last Name",
    "Username":"Username",
    "File Name":"File Name",
    "Last Modified":"Last Modified",
    "File Type":"File Type",
    "File":"File",
    "Folder":"Folder",
    "Image":"Image"
}