<?xml version="1.0" encoding="UTF-8"?>
<project-private xmlns="http://www.netbeans.org/ns/project-private/1">
    <editor-bookmarks xmlns="http://www.netbeans.org/ns/editor-bookmarks/2" lastBookmarkId="0"/>
    <open-files xmlns="http://www.netbeans.org/ns/projectui-open-files/2">
        <group>
            <file>file:/C:/Users/Devon/Documents/NetBeansProjects/Filehost/FSManager/src/java/com/algonquincollege/fileManager/javaApp/servlets/MoveServlet.java</file>
            <file>file:/C:/Users/Devon/Documents/NetBeansProjects/Filehost/FSManager/src/java/com/algonquincollege/fileManager/javaApp/servlets/MakeDirectoryServlet.java</file>
            <file>file:/C:/Users/Devon/Documents/NetBeansProjects/Filehost/FSManager/src/java/com/algonquincollege/fileManager/javaApp/servlets/RemoveServlet.java</file>
            <file>file:/C:/Users/Devon/Documents/NetBeansProjects/Filehost/FSManager/src/java/com/algonquincollege/fileManager/javaApp/servlets/CopyServlet.java</file>
            <file>file:/C:/Users/Devon/Documents/NetBeansProjects/Filehost/FSManager/src/java/com/algonquincollege/javaApp/fileManager/Command.java</file>
            <file>file:/C:/Users/Devon/Documents/NetBeansProjects/Filehost/FSManager/src/java/com/algonquincollege/fileManager/javaApp/JavaAppServlet.java</file>
            <file>file:/C:/Users/Devon/Documents/NetBeansProjects/Filehost/FSManager/src/java/com/algonquincollege/javaApp/fileManager/commands/CP.java</file>
        </group>
    </open-files>
</project-private>
