<?xml version="1.0" encoding="UTF-8"?>
<project-private xmlns="http://www.netbeans.org/ns/project-private/1">
    <editor-bookmarks xmlns="http://www.netbeans.org/ns/editor-bookmarks/2" lastBookmarkId="0"/>
    <open-files xmlns="http://www.netbeans.org/ns/projectui-open-files/2">
        <group>
            <file>file:/C:/Users/jp972/OneDrive/Web/Filehost/JavaApp/src/java/com/algonquincollege/javaApp/webhost/servlets/MakeDirectoryServlet.java</file>
            <file>file:/C:/Users/jp972/OneDrive/Web/Filehost/JavaApp/src/java/com/algonquincollege/javaApp/webhost/servlets/LogoutServlet.java</file>
            <file>file:/C:/Users/jp972/OneDrive/Web/Filehost/JavaApp/src/java/com/algonquincollege/javaApp/fileManager/Command.java</file>
            <file>file:/C:/Users/jp972/OneDrive/Web/Filehost/JavaApp/src/java/com/algonquincollege/javaApp/webhost/servlets/LoginServlet.java</file>
            <file>file:/C:/Users/jp972/OneDrive/Web/Filehost/JavaApp/src/java/com/algonquincollege/javaApp/webhost/servlets/CopyServlet.java</file>
            <file>file:/C:/Users/jp972/OneDrive/Web/Filehost/JavaApp/src/java/com/algonquincollege/javaApp/fileManager/commands/CP.java</file>
            <file>file:/C:/Users/jp972/OneDrive/Web/Filehost/JavaApp/src/java/com/algonquincollege/javaApp/fileManager/commands/MV.java</file>
            <file>file:/C:/Users/jp972/OneDrive/Web/Filehost/JavaApp/src/java/com/algonquincollege/javaApp/fileManager/commands/MKDIR.java</file>
            <file>file:/C:/Users/jp972/OneDrive/Web/Filehost/JavaApp/src/java/com/algonquincollege/javaApp/utils/json/JSONParser.java</file>
            <file>file:/C:/Users/jp972/OneDrive/Web/Filehost/JavaApp/src/java/com/algonquincollege/javaApp/webhost/servlets/LoginCheckServlet.java</file>
            <file>file:/C:/Users/jp972/OneDrive/Web/Filehost/JavaApp/src/java/com/algonquincollege/javaApp/fileManager/FileManagerInterface.java</file>
            <file>file:/C:/Users/jp972/OneDrive/Web/Filehost/JavaApp/src/java/com/algonquincollege/javaApp/database/encryption/PasswordHashUtils.java</file>
            <file>file:/C:/Users/jp972/OneDrive/Web/Filehost/JavaApp/src/java/com/algonquincollege/javaApp/webhost/WebInterfaceServlet.java</file>
            <file>file:/C:/Users/jp972/OneDrive/Web/Filehost/JavaApp/src/java/com/algonquincollege/javaApp/webhost/servlets/ListContentsServlet.java</file>
            <file>file:/C:/Users/jp972/OneDrive/Web/Filehost/JavaApp/src/java/com/algonquincollege/javaApp/webhost/servlets/SignUpServlet.java</file>
            <file>file:/C:/Users/jp972/OneDrive/Web/Filehost/JavaApp/src/java/com/algonquincollege/javaApp/fileManager/commands/RM.java</file>
            <file>file:/C:/Users/jp972/OneDrive/Web/Filehost/JavaApp/src/java/com/algonquincollege/javaApp/database/encryption/BCrypt.java</file>
            <file>file:/C:/Users/jp972/OneDrive/Web/Filehost/JavaApp/src/java/com/algonquincollege/javaApp/webhost/servlets/RemoveServlet.java</file>
            <file>file:/C:/Users/jp972/OneDrive/Web/Filehost/JavaApp/src/java/com/algonquincollege/javaApp/webhost/servlets/RenameServlet.java</file>
            <file>file:/C:/Users/jp972/OneDrive/Web/Filehost/JavaApp/src/java/com/algonquincollege/javaApp/webhost/servlets/MoveServlet.java</file>
        </group>
        <group name="Filehost">
            <file>file:/C:/Users/jp972/OneDrive/Web/Filehost/JavaApp/src/java/com/algonquincollege/javaApp/webhost/servlets/MakeDirectoryServlet.java</file>
            <file>file:/C:/Users/jp972/OneDrive/Web/Filehost/JavaApp/src/java/com/algonquincollege/javaApp/webhost/WebInterfaceServlet.java</file>
            <file>file:/C:/Users/jp972/OneDrive/Web/Filehost/JavaApp/src/java/com/algonquincollege/javaApp/webhost/servlets/ListContentsServlet.java</file>
            <file>file:/C:/Users/jp972/OneDrive/Web/Filehost/JavaApp/src/java/com/algonquincollege/javaApp/webhost/servlets/SignUpServlet.java</file>
            <file>file:/C:/Users/jp972/OneDrive/Web/Filehost/JavaApp/src/java/com/algonquincollege/javaApp/database/DBConnection.java</file>
            <file>file:/C:/Users/jp972/OneDrive/Web/Filehost/JavaApp/src/java/com/algonquincollege/javaApp/webhost/servlets/CopyServlet.java</file>
            <file>file:/C:/Users/jp972/OneDrive/Web/Filehost/JavaApp/src/java/com/algonquincollege/javaApp/webhost/servlets/RemoveServlet.java</file>
            <file>file:/C:/Users/jp972/OneDrive/Web/Filehost/JavaApp/src/java/com/algonquincollege/javaApp/webhost/servlets/MoveServlet.java</file>
        </group>
    </open-files>
</project-private>
